Tweet,Sentiment
Camille Baumann of @AvanadeInc gives 5 tips for #retailers to improve #online #CX during the #holidays… https://t.co/J7YEszkyzZ,neutral
Learn how to increase productivity by managing content effectively in Sitecore from my personal experience. https://t.co/7ICDs1UHKA,neutral
Featured #Jobs: @Gracenotetweets; @Dolby; @AvanadeInc - https://t.co/3H4GlQBgtz #VideoDiscoveryProductManager… https://t.co/FGPsVA7oOD,neutral
Good article to understand how the move to the cloud can drive some real value.,positive
How will @AvanadeInc be involved in the @NRFBigShow this year? @CorineVives shares some details #digitalretail #NRF https://t.co/egJ44Af3Uz,neutral
5 tips for retailers to improve online customer experiences https://t.co/sSAO8Xm39f https://t.co/cX67hlK0Xu,neutral
Focused on the Future: Avanade Earns Our Editor’s Retail Choice Award™ for Designing Digital Experiences to Connect… https://t.co/tmnal1aQ5D,neutral
Focused on the Future: Avanade Earns Our Editor’s Retail Choice Award™ for Designing Digital Experiences to Connect… https://t.co/L3cBjcwdtm,neutral
Focused on the Future: Avanade Earns Our Editor’s Retail Choice Award™ for Designing Digital Experiences to Connect… https://t.co/Hdtwv8NHqN,neutral
5 tips for retailers to improve online customer experiences https://t.co/eBO15bmwSt https://t.co/PaetkSEDoz,neutral
5 tips for retailers to improve online customer experiences https://t.co/UXE3Q9rdSl https://t.co/OC9Sht60aZ,neutral
5 tips for retailers to improve online customer experiences https://t.co/vkx9rnb9Bl https://t.co/kQaatnQDGh,neutral
RT @InsideAvanade: A career at Avanade means you're supported to be your best at work and home. Learn more about our benefits here: https:/…,positive
RT @InsideAvanade: A career at Avanade means you're supported to be your best at work and home. Learn more about our benefits here: https:/…,positive
A career at Avanade means you're supported to be your best at work and home. Learn more about our benefits here: https://t.co/46ruChwkw3,positive
RT @AvanadeNL: Dream about making big ideas happen? Here's your chance.  #MakeItReal with a career at Avanade. Learn more and check out our…,neutral
Krishnan Rajaram of @AvanadeInc discusses why it’s more important than ever for #leaders to ask the right questions… https://t.co/sxYeEk7VXF,neutral
Considering an epic journey to the #cloud? @AvanadeInc has been there. Check out our map and avoid common pitfalls.… https://t.co/zAmdihXjqn,neutral
Follow Avanade's new Techs and Specs #blog for fresh #insights and practical #technical tips from  #digitalexperts… https://t.co/yOIN2H4pnM,neutral
Great discussion from @themattjoe of @AvanadeInc about #digitaltransformation culture with @CorpDisruption on their… https://t.co/vE7dgGtlBH,neutral
RT @AvanadeNL: Dream about making big ideas happen? Here's your chance.  #MakeItReal with a career at Avanade. Learn more and check out our…,neutral
RT @ElisabethCan17: Highlighting #retail #tech at the NRF 2018 Big Show shared by @CorineVives of @AvanadeSpain #NRF2018-https://t.co/364hh…,neutral
RT @AvanadeBelgium: Want to learn more about @Microsoft’s #Windows10 Fall Creators Edition? Doug Wood of @AvanadeInc shares the top 3 featu…,neutral
".#AI technologies have caught the attention of both #IT and #business leaders, but it’s more important than ever to… https://t.co/qZuL32oypH",neutral
Advice to IT pros on the merger of Teams and Skype for Business https://t.co/a2BnW26vzl,neutral
RT @prtdomingo: Had a great time yesterday sharing the latest AI Dev Tools from Microsoft at Avanade/Accenture's Tech Talk Tuesday at Playh…,positive
Follow our new Techs and Specs #blog for fresh #insights and practical #technical tips from our #digitalexperts… https://t.co/tSic6TYEP1,neutral
Our new Techs and Specs blog reveals expert #insights on effective #digitalstrategies &amp; #transformations. Make sure… https://t.co/OZzXJ94RSQ,neutral
Krishnan Rajaram of @AvanadeInc discusses why it’s more important than ever for #leaders to ask the right questions… https://t.co/XHNQ8mApYB,neutral
Still wondering how to make your journey to the #cloud? @jehardy01 of @AvanadeInc discusses the #map we developed t… https://t.co/zT4c2JrU4u,neutral
Want to learn more about @Microsoft’s #Windows10 Fall Creators Edition? Doug Wood of @AvanadeInc shares the top 3 f… https://t.co/ksQErnRCE2,neutral
Dream about making big ideas happen? Here's your chance.  #MakeItReal with a career at Avanade. Learn more and chec… https://t.co/PdMD6a9MOT,neutral
Less is more :-) Advice to #ITpros on the merger of @MicrosoftTeams and @SkypeBusiness by Stephen Tong of… https://t.co/lG8XvAhSQT,neutral
What #security controls should businesses consider to reduce the risk of a #breach + limit their #liability? Nathan… https://t.co/1qEmCCXp0Q,neutral
Join @AvanadeInc @NRFBigShow in Jan 2018! More deets on Avanade’s presence in this #blog by @CorineVives… https://t.co/sNNbSdktDs,neutral
"Peter Friedwagner, Director for End User and Collaboration Services at @nokia shares how the company needed a… https://t.co/wssa7jVSKK",neutral
.@AvanadeInc rising star Margaret Zou turns career #recognition into #reflection. Check out her #blog to hear her s… https://t.co/W9SA00wx4z,neutral
Had a great time yesterday sharing the latest AI Dev Tools from Microsoft at Avanade/Accenture's Tech Talk Tuesday… https://t.co/M2BQz6GdRX,neutral
"Join @AvanadeInc at the @NRFBigShow this year! For more information on Avanade’s presence at the event, check out t… https://t.co/tLnpIKH2Rl",neutral
Our new Techs and Specs blog reveals expert #insights on effective #digitalstrategies &amp; #transformations. Make sure… https://t.co/flE4PlFIQj,neutral
RT @HandlerToni: What #security controls should businesses consider to reduce the risk of a #breach + limit their #liability? Nathan Boddam…,neutral
Rising star Margaret Zou of @AvanadeInc reflects on her #IT career after she receives the Young ICT Professional of… https://t.co/p6nwpxbM9A,neutral
Follow our new Techs and Specs #blog for fresh #insights and practical #technical tips from our #digitalexperts… https://t.co/QhJ3DEb5WL,neutral
What #security controls should businesses consider to reduce the risk of a #breach + limit their #liability? Nathan… https://t.co/vScWQ1Ftml,neutral
Krishnan Rajaram of @AvanadeInc discusses why it’s more important than ever for #leaders to ask the right questions… https://t.co/J2ILbp4cNm,neutral
Still wondering how to make your journey to the #cloud? @jehardy01 of @AvanadeInc discusses the #map we created to… https://t.co/JX0AZdlrjZ,neutral
"Join @AvanadeInc at the @NRFBigShow this year! For more information on Avanade’s presence at the event, check out t… https://t.co/eNOqe97iBp",neutral
Still wondering how to make your journey to the #cloud? @jehardy01 of @AvanadeInc discusses the #map we created to… https://t.co/saaUPsn82p,neutral
Want to learn more about @Microsoft’s #Windows10 Fall Creators Edition? Doug Wood of @AvanadeInc shares the top 3 f… https://t.co/iEa5GY3kxE,neutral
Krishnan Rajaram of @AvanadeInc discusses why it’s more important than ever for #leaders to ask the right questions… https://t.co/PbuLWayTGq,neutral
"Join @AvanadeInc at the @NRFBigShow this year! For more information on Avanade’s presence at the event, check out t… https://t.co/GD8DEVrQMb",neutral
"Join @AvanadeInc at the @NRFBigShow this year! For more information on Avanade’s presence at the event, check out t… https://t.co/6pFlpeIWZb",neutral
Follow our new Techs and Specs #blog for fresh #insights and practical #technical tips from our #digitalexperts… https://t.co/d0E97Sixl6,neutral
Krishnan Rajaram of @AvanadeInc discusses why it’s more important than ever for #leaders to ask the right questions… https://t.co/nPRj5UK5Ko,neutral
RT @AvanadeAUS: Are you safe from digital #securitythreats? Keep your organization secure from #malware and #phishing attempts with these s…,neutral
Krishnan Rajaram of @AvanadeInc discusses why it’s more important than ever for #leaders to ask the right questions… https://t.co/7BHvtQ3ess,neutral
Wondering how to make your journey to the #cloud? @jehardy01 of @AvanadeInc discusses the #map we created to guide… https://t.co/P9V4iYHpX9,neutral
Showcasing retail technologies at the NRF 2018 Big Show https://t.co/hqYVong2If,neutral
Intelligent automation: are you asking the right questions? https://t.co/MPNNhTUm3Q,neutral
Email Phishing | Avanade https://t.co/Nj2rizQhtd,neutral
Techs and Specs Blog | Avanade https://t.co/CooE9Ek9ab,neutral
Intelligent automation: are you asking the right questions? https://t.co/Ho4e9Ne42G,neutral
RT @JoelHoke: Still wondering how to make your journey to the #cloud? @jehardy01 of @AvanadeInc discusses the #map we created to guide our…,neutral
Advice to IT pros on the merger of Teams and Skype for Business https://t.co/IiKXFyJr1s,neutral
Intelligent automation: are you asking the right questions? https://t.co/hnOjwGShVh,neutral
RT @AvanadeAUS: Are you safe from digital #securitythreats? Keep your organization secure from #malware and #phishing attempts with these s…,neutral
"Join @AvanadeInc at the @NRFBigShow this year! For more information on Avanade’s presence at the event, check out t… https://t.co/pbVlpdxvBB",neutral
RT @AvanadeAUS: Are you safe from digital #securitythreats? Keep your organization secure from #malware and #phishing attempts with these s…,neutral
Are you safe from digital #securitythreats? Keep your organization secure from #malware and #phishing attempts with… https://t.co/YK1raqIf71,neutral
What security controls should businesses consider to reduce the risk of a breach + limit their liability? Nathan Bo… https://t.co/KQgejg94Nz,neutral
RT @avanadeuk: There is still time to join @AvanadeInc and @nytimes Bestselling Author Chip Heath at the #PowerofMoments workshop in #Atlan…,neutral
RT @AvanadeInc: Want to learn more about @Microsoft’s #Windows10 Fall Creators Edition? Doug Wood of @AvanadeInc shares the top 3 features…,neutral
"RT @avanadeuk: Join @AvanadeInc at the @NRFBigShow this year! For more information on Avanade’s presence at the event, check out this #blog…",neutral
Still wondering how to make your journey to the #cloud? @jehardy01 of @AvanadeInc discusses the #map we created to… https://t.co/GPQmukghgE,neutral
"Join @AvanadeInc at the @NRFBigShow this year! For more information on Avanade’s presence at the event, check out t… https://t.co/BSHVMh1sea",neutral
Still wondering how to make your journey to the #cloud? @jehardy01 of @AvanadeInc discusses the #map we created to… https://t.co/zNpZfwk4X5,neutral
RT @avanadeuk: Krishnan Rajaram of @AvanadeInc discusses why it’s more important than ever for #leaders to ask the right #questions when it…,neutral
RT @AvanadeInc: Our new Techs and Specs blog reveals expert #insights on effective #digitalstrategies &amp; #transformations. Make sure to chec…,neutral
Our new Techs and Specs blog reveals expert #insights on effective #digitalstrategies &amp; #transformations. Make sure… https://t.co/m9rBBbziUf,neutral
Need help with #digital strategy? Watch how @AvanadeInc helped @OpenUnisAu https://t.co/57zM0jy6e0 #ResultsRealized https://t.co/9uVUHRXeEs,neutral
"Tonight I hosted a dinner for my team, the Analytics Talent Community, at Avanade Norway. Due to… https://t.co/Ag2ITlWYPD",neutral
RT @AvanadeInc: Advice to IT pros on the merger of Teams and Skype for Business https://t.co/mTF9esJhde https://t.co/gceG1EkqeN,neutral
Want to learn more about @Microsoft’s #Windows10 Fall Creators Edition? Doug Wood of @AvanadeInc shares the top 3 f… https://t.co/4k4ckj79jm,neutral
"RT @isaacfores: Avanade held their annual conference yesterday, and we are thrilled to announce that Quest Software won the top Avanade awa…",positive
Advice to IT pros on the merger of Teams and Skype for Business https://t.co/s1qnIlQRjV https://t.co/p6vVBeU82r,neutral
Advice to IT pros on the merger of Teams and Skype for Business https://t.co/mTF9esJhde https://t.co/gceG1EkqeN,neutral
Advice to IT pros on the merger of Teams and Skype for Business https://t.co/wMq76CRP06 https://t.co/J42XXmDjIT,neutral
Advice to IT pros on the merger of Teams and Skype for Business https://t.co/nskOTeu2Pi https://t.co/8d1ZvArUib,neutral
@startup_italia @growITup @CariploFactory @Accenture @avanade @HPEnterprise @microsoftitalia @roberdan… https://t.co/NGOdmq4Ape,neutral
Featured Jobs: LiveTiles; ESPN; Avanade https://t.co/8hhtdTjHDv,neutral
@AccentureCanada @Accenture @avanade Awesome! Please make sure to tag us as @AvanadeInc in future tweets.,positive
.@AvanadeInc rising star Margaret Zou turns career #recognition into #reflection. Check out her #blog to hear her s… https://t.co/FbLS3xAbI0,neutral
.@Accenture and @Avanade volunteers brought the #HourofCode to kids at Bishop Carroll High School in Calgary yester… https://t.co/7yBIvy5o5V,neutral
"Join @AvanadeInc at the @NRFBigShow this year! For more information on Avanade’s presence at the event, check out t… https://t.co/cWumyp33t6",neutral
There is still time to join @AvanadeInc and @nytimes Bestselling Author Chip Heath at the #PowerofMoments workshop… https://t.co/ibuXYd01vd,neutral
RT @avanadeuk: Krishnan Rajaram of @AvanadeInc discusses why it’s more important than ever for #leaders to ask the right #questions when it…,neutral
RT @avanadeuk: Krishnan Rajaram of @AvanadeInc discusses why it’s more important than ever for #leaders to ask the right #questions when it…,neutral
Krishnan Rajaram of @AvanadeInc discusses why it’s more important than ever for #leaders to ask the right… https://t.co/jrcy8c9o5P,neutral
Krishnan Rajaram of @AvanadeInc discusses why it’s more important than ever for #leaders to ask the right… https://t.co/J3ltCJRuKW,neutral
RT @ElisabethCan17: Highlighting #retail #tech at the NRF 2018 Big Show shared by @CorineVives of @AvanadeSpain #NRF2018-https://t.co/364hh…,neutral
